{
    "name": "lazyloadxt",
    "version": "1.1.0",
    "title": "Lazy Load XT for jQuery",
    "description": "Lazy Load XT is mobile-oriented, fast and extensible jQuery plugin for lazy loading of images, videos and other media with built-in support of jQueryMobile framework. It improves performance of website by loading visible media elements only, and elements below the fold are loaded after page scroll. The plugin has many options, supports callbacks and special lazy events, that allows to have different loading effects (e.g. fade in and spinner effects). Examples of plugin and its addons include ajax, background images, infinite scroll, horizontal scroll, iframe-based widgets (YouTube, Vimeo, Google Maps Engine Lite, Facebook recommend button, Google+ profile), html5 video, responsive images with retina support (srcset and picture polyfills), social widgets (embedded tweet, Twitter share button, Google Plus badge and share button, Facebook like and recommend buttons, Facebook post comments), load all images before print, etc. Tested in IE 6-11, Chrome 1-31, Firefox 1.5-27.0, Safari 3-7, Opera 10.6-18.0, iOS 5-7, Android 2.3-4.4, and WP8. Requires jQuery 1.7+, Zepto 1.0+, or DOMtastic 0.7.2+.",
    "homepage": "http://ressio.github.io/lazy-load-xt",
    "author": {
        "name": "RESS.io",
        "email": "denis@mobilejoomla.com",
        "url": "http://ressio.github.io/"
    },
    "keywords": ["effect", "image", "images", "jquery", "jquerymobile", "lazy", "lazyload", "load", "media", "mobile", "performance", "responsive", "speed", "video", "vimeo", "youtube"],
    "bugs": "https://github.com/ressio/lazy-load-xt/issues",
    "docs": "https://github.com/ressio/lazy-load-xt#readme",
    "demo": "http://ressio.github.io/lazy-load-xt/demo/index.htm",
    "licenses": [
        {
            "type": "MIT",
            "url": "https://github.com/ressio/lazy-load-xt/blob/master/LICENSE-MIT"
        }
    ],
    "dependencies": {
        "jquery": ">=1.7"
    },
    "files": [
        "dist/jquery.lazyloadxt.js",
        "dist/jquery.lazyloadxt.min.js",
        "dist/jquery.lazyloadxt.extra.js",
        "dist/jquery.lazyloadxt.extra.min.js"
    ]
}